{"cameraMode":{"drawMode":0,"name":"Shaded","section":"Shading Mode"},"sceneLighting":false,"audioPlay":false,"sceneViewState":{"m_AlwaysRefresh":false,"showFog":true,"showSkybox":false,"showFlares":true,"showImageEffects":true,"showParticleSystems":true,"showVisualEffectGraphs":true,"m_FxEnabled":true},"in2DMode":false,"pivot":{"x":0.13922210037708283,"y":1.2442114353179932,"z":-16.036882400512697},"rotation":{"x":-0.002034219214692712,"y":0.9722857475280762,"z":-0.2336215376853943,"w":-0.008457159623503685},"size":2.6115949153900148,"orthographic":false}